user_id,display_name,profile_link,reputation,answers_count_fetched,accepted_answers_fetched,accepted_answer_ratio,total_answer_score_fetched,avg_score_per_answer,top_tags
1868625,Arjun Iyer,https://stackoverflow.com/users/1868625/arjun-iyer,507994,200,114,0.57,13348,66.74,"datetime:43332(10223), c++:198658(30000), textview:56191(6986), branch:71781(17040), visual-studio-2010:106187(18993)"
9143400,Mason King,https://stackoverflow.com/users/9143400/mason-king,315524,200,114,0.57,60896,304.48,".net:76079(7526), eclipse:61844(12836), python-2.7:70340(9992), loops:238988(30000), iteration:54586(8084), dplyr:63753(10423)"
729777,Ethandev997,https://stackoverflow.com/users/729777/ethandev997,568897,200,70,0.35,5146,25.73,"azure:301018(30000), tidyverse:311093(30000), join:326685(30000), multidimensional-array:235101(30000), vb.net:80719(16788), forms:350000(30000), asynchronous:80557(8866)"
6121668,Noah Verma,https://stackoverflow.com/users/6121668/noah-verma,1096859,200,121,0.605,8715,43.575,"awk:153882(24982), winforms:81617(7157), fastapi:123485(12991), swift:156313(27152), git-submodules:155620(23599), ecmascript-6:165299(16291)"
939283,Anaya Kovacs,https://stackoverflow.com/users/939283/anaya-kovacs,293629,200,110,0.55,8983,44.915,"perl:139276(17422), indexing:69432(6267), asp.net-mvc-4:45683(4996), git-branch:94319(18339), unix:107976(21101), jsp:25321(2542)"
9043338,Mila Taylor,https://stackoverflow.com/users/9043338/mila-taylor,293633,200,160,0.8,33898,169.49,"multidimensional-array:31515(6034), git-fetch:33540(6352), datetime:18421(1950), sql:50272(5731), shell:20125(2843), broadcastreceiver:23745(2708), arrays:19849(2563)"
4218828,Nicocode697,https://stackoverflow.com/users/4218828/nicocode697,1144065,200,91,0.455,6364,31.82,"t-sql:177063(30000), indexing:90866(22570), loops:73930(7561), copy:350000(30000)"
8399241,Sophianinja109,https://stackoverflow.com/users/8399241/sophianinja109,622354,200,94,0.47,9253,46.265,"spring:39524(3863), winforms:36243(4396), gcc:18048(4506), dplyr:44778(6791), node.js:29702(7147), ecmascript-6:175969(15391)"
5160030,Aditi Kim,https://stackoverflow.com/users/5160030/aditi-kim,246122,200,131,0.655,12856,64.28,"bash:37005(7361), service:13360(1712), asynchronous:77995(9286), swift:36388(5945)"
7099876,Felixstack774,https://stackoverflow.com/users/7099876/felixstack774,525764,200,79,0.395,8436,42.18,"json:51397(8590), perl:13941(3089), node.js:246918(30000), pytorch:27133(3218), sql-server-2005:23272(2672)"
121442,Hannah Patel,https://stackoverflow.com/users/121442/hannah-patel,247243,200,107,0.535,4479,22.395,"asynchronous:77978(8338), android-layout:182499(30000), linux:96878(19151), awk:59218(5156), sql-server:60325(7040)"
7930903,Ava Kovacs,https://stackoverflow.com/users/7930903/ava-kovacs,246814,200,111,0.555,8499,42.495,"foreach:30812(6950), c:29114(3155), python-internals:21858(2383), mod-rewrite:19656(4382), python-2.7:17784(1809), primefaces:11745(1128), regex:15603(3201)"
3215148,Mason Khan,https://stackoverflow.com/users/3215148/mason-khan,419643,200,124,0.62,20482,102.41,"flatten:36398(3948), iteration:94755(11382), reflection:55542(13487), github:51839(10922), aws:111971(11165), r:231715(30000), tidyr:174390(24049)"
8076654,Olivia Kim,https://stackoverflow.com/users/8076654/olivia-kim,83344,200,80,0.4,2508,12.54,"el:5253(511), objective-c:7444(974), .htaccess:23704(3210), oracle-database:7476(641)"
9325045,Avadata195,https://stackoverflow.com/users/9325045/avadata195,95990,200,130,0.65,7996,39.98,"git-checkout:22757(2623), asp.net-mvc:36223(4515), version-control:14565(1345), tensorflow:27740(5274), asp.net-mvc-3:11696(1000), jsp:18153(3911)"
3118425,Vihaan Bianchi,https://stackoverflow.com/users/3118425/vihaan-bianchi,229572,200,148,0.74,3476,17.38,"php:27444(3064), css-selectors:8710(1184), unix:29505(3403), github:22387(2736), version-control:31556(2749)"
3427700,Liamml272,https://stackoverflow.com/users/3427700/liamml272,163745,200,111,0.555,23126,115.63,"dataframe:12524(2730), jquery:24824(4351), rebase:11804(1928), jsp:8462(738), awk:11783(1066), active-directory:15169(1374), undo:11275(1620)"
2647352,Ethan Schmidt,https://stackoverflow.com/users/2647352/ethan-schmidt,443022,200,76,0.38,1526,7.63,"xml:31816(6269), string:20377(4138), active-directory:20861(4295), tidyverse:13384(1588), jquery:88710(14357), c++:14721(1665)"
5753376,Hannah Sato,https://stackoverflow.com/users/5753376/hannah-sato,177136,200,160,0.8,4003,20.015,"spring:9024(2073), servlets:8887(1332), gitignore:23396(4636), asp.net:11457(967), broadcastreceiver:28912(5462), python-2.7:9129(1211)"
7176195,Mira Mehta,https://stackoverflow.com/users/7176195/mira-mehta,121353,200,160,0.8,10207,51.035,"textview:30030(5982), android-studio:15388(2379), mysql:92011(8221), vim:12456(1201), tidyverse:30591(2810)"
6003842,Aditi Bianchi,https://stackoverflow.com/users/6003842/aditi-bianchi,1050656,200,93,0.465,33496,167.48,"mod-rewrite:108919(18479), typescript:95451(18009), postgresql:66631(6407), dplyr:68885(12717)"
6917952,Zoe Garcia,https://stackoverflow.com/users/6917952/zoe-garcia,295480,200,127,0.635,6555,32.775,"primefaces:22526(2072), github:20089(3475), indexing:39123(3714), eclipse:82658(10759), commit:15703(2437), objective-c:9645(930)"
3819218,Nina Verma,https://stackoverflow.com/users/3819218/nina-verma,368183,200,159,0.795,4018,20.09,"linux:50071(11862), iteration:248201(22530), asynchronous:32596(5352), matrix:141158(16328), sql:144464(12172), perl:37873(8795), t-sql:74277(8466)"
5800467,Liamcloud621,https://stackoverflow.com/users/5800467/liamcloud621,120226,200,105,0.525,45928,229.64,"oop:90408(12072), vb.net:27107(3322), foreach:30118(2881), go:24005(2528)"
3306500,Leoops680,https://stackoverflow.com/users/3306500/leoops680,232676,200,134,0.67,1645,8.225,"jquery:18305(1911), spring:22793(2702), json:16146(2917), postgresql:34346(3685)"
6361802,Irenedata631,https://stackoverflow.com/users/6361802/irenedata631,380363,200,93,0.465,777,3.885,"php:29372(3399), tidyr:53640(5806), .htaccess:18329(2374), jsf:56858(7543), java:76872(13463), git:14094(1810)"
2847749,Sanastack680,https://stackoverflow.com/users/2847749/sanastack680,147627,200,126,0.63,10869,54.345,"broadcastreceiver:56108(9416), git-restore:93639(12003), json:21694(2009), git-pull:122290(26685), gcc:57642(7879), django:29366(3249)"
3262881,Oliviabyte410,https://stackoverflow.com/users/3262881/oliviabyte410,463917,200,116,0.58,4237,21.185,"django:87786(7526), .net:126896(15582), commit:95009(21584), python-2.7:125414(20924), git-fetch:52246(4843)"
7658958,Mason Bianchi,https://stackoverflow.com/users/7658958/mason-bianchi,223063,200,116,0.58,2521,12.605,"r:17936(1802), xml:6937(889), spring:15156(2495), python-3.x:9420(1575), tidyr:10421(1145), random:34016(3359)"
8746759,Aditi Bose,https://stackoverflow.com/users/8746759/aditi-bose,281227,200,130,0.65,14215,71.075,"aws:136448(26206), java:102170(14462), git-restore:36810(7048), inheritance:58633(10265), list:146791(20056), kotlin:77183(11611), tensorflow:285075(30000)"
1045445,Emma Wilson,https://stackoverflow.com/users/1045445/emma-wilson,222884,200,116,0.58,8933,44.665,"vb.net:19716(3085), objective-c:17473(2454), sequence:12935(1161), .net:16871(1578)"
9030642,Ethanpixel618,https://stackoverflow.com/users/9030642/ethanpixel618,1404086,200,136,0.68,3982,19.91,"service:167138(17873), git-fetch:280106(26971), inheritance:325163(30000), python-requests:114286(10656), android-intent:82398(7255)"
8961907,Olivia King,https://stackoverflow.com/users/8961907/olivia-king,346475,200,126,0.63,1946,9.73,"bash:22223(3654), python-3.x:90708(13704), date:34495(4516), reflection:18377(2742)"
6361482,Yara Taylor,https://stackoverflow.com/users/6361482/yara-taylor,158325,200,70,0.35,16749,83.745,"azure:35125(7721), rust:124162(10650), android:27719(6413), tensorflow:46011(10830), asp.net:29221(4887), matrix:26218(2447)"
2557351,Ava Bianchi,https://stackoverflow.com/users/2557351/ava-bianchi,648617,200,121,0.605,13411,67.055,"undo:92260(17269), git-checkout:44656(5041), regex:62402(6250), go:64469(13113)"
2748334,Miralogic27,https://stackoverflow.com/users/2748334/miralogic27,140092,200,135,0.675,6339,31.695,"vb.net:8312(921), numpy:22506(4673), pandas-groupby:11174(1097), gcc:7886(730), aws:17124(1945), visual-studio-2010:7239(1456)"
9495572,Noahstack439,https://stackoverflow.com/users/9495572/noahstack439,409354,200,135,0.675,44369,221.845,"asynchronous:97582(8350), spring:95422(10503), loops:184071(17316), ajax:127562(13207), python:94516(12629), servlets:156717(15877)"
4532030,Felixstack794,https://stackoverflow.com/users/4532030/felixstack794,80494,200,135,0.675,2401,12.005,"regex:29201(3838), python-requests:17721(1771), visual-studio-2010:12760(1490), indexing:5771(617), kubernetes:6692(1000), git-submodules:10558(1327), branch:8796(1332)"
8180530,Omar Bose,https://stackoverflow.com/users/8180530/omar-bose,129256,200,132,0.66,1523,7.615,"iteration:8035(1715), wcf:9300(952), ios:12353(1561), timezone:8617(856), active-directory:12037(1263), sql-server-2005:9344(1019)"
8235415,Aarav Mehta,https://stackoverflow.com/users/8235415/aarav-mehta,405686,200,106,0.53,3504,17.52,"git-fetch:14287(1732), php:26603(3593), git-submodules:42870(4300), jsf-2:22619(3403), version-control:66993(6961), mysql:117107(18988)"
4218653,Zoe Verma,https://stackoverflow.com/users/4218653/zoe-verma,608979,200,123,0.615,6688,33.44,"css-selectors:200264(22974), t-sql:84801(8411), for-loop:235760(26869), forms:105380(8897), git-checkout:78738(7385), serialization:66709(10472)"
6055379,Aarav Schmidt,https://stackoverflow.com/users/6055379/aarav-schmidt,398003,200,111,0.555,8929,44.645,"ios:29197(5827), append:27733(2533), asp.net:38775(4891), tidyverse:38547(3510), javascript:35071(4081)"
7875973,Liam Gupta,https://stackoverflow.com/users/7875973/liam-gupta,320922,200,134,0.67,5500,27.5,"gitignore:53417(11630), sequence:83962(9292), css:72654(16404), asp.net-mvc-4:16861(3246)"
9443681,Vihaanml122,https://stackoverflow.com/users/9443681/vihaanml122,279249,200,124,0.62,9954,49.77,"winforms:9184(1054), wcf:74473(10022), git-pull:18722(2189), sql-server-2008:37151(8289), objective-c:21068(1803), razor:14420(3008), r:58834(5824)"
3541215,Vihaan Gupta,https://stackoverflow.com/users/3541215/vihaan-gupta,115474,200,139,0.695,2002,10.01,"filter:23042(2421), tidyverse:10339(1332), aws:3087(724), eclipse:10528(1669), .htaccess:18484(2951)"
7618181,Aditi Garcia,https://stackoverflow.com/users/7618181/aditi-garcia,203986,200,109,0.545,29656,148.28,"visual-studio:7797(692), gcc:21139(1991), python-2.7:18763(4104), css:26807(5031), textview:20345(3148), git-pull:10562(1057)"
4842882,Mason Schmidt,https://stackoverflow.com/users/4842882/mason-schmidt,247758,200,122,0.61,6448,32.24,"php:128099(29660), inheritance:56811(7619), sorting:61465(9343), tensorflow:35691(5945), shell:47889(10123), pytorch:36744(3141)"
348850,Ninawizard276,https://stackoverflow.com/users/348850/ninawizard276,773383,200,110,0.55,21396,106.98,"filter:49821(9138), rust:154352(17777), sql-server-2005:24265(2672), r:20990(2645)"
1531593,Emma Miller,https://stackoverflow.com/users/1531593/emma-miller,452889,200,157,0.785,9861,49.305,"c++:99972(13878), ecmascript-6:36473(3616), linux:27681(6447), primefaces:77179(16405), shell:28755(4777), java:123692(25103)"
6781732,Yaracode674,https://stackoverflow.com/users/6781732/yaracode674,93284,200,158,0.79,11053,55.265,"primefaces:11558(2053), asp.net:5742(684), foreach:28080(2458), sql-server-2005:5350(712), multidimensional-array:12012(1253), slice:9209(1852), r:16806(1426)"
4015545,Sanastack15,https://stackoverflow.com/users/4015545/sanastack15,446302,200,90,0.45,12375,61.875,"broadcastreceiver:80255(12668), git-pull:32056(3324), css:20010(2732), reflection:41441(5272), css-selectors:20940(2692), dplyr:105249(13750), slice:34131(6618)"
3198711,Sophiaquant901,https://stackoverflow.com/users/3198711/sophiaquant901,262204,200,91,0.455,10953,54.765,"asynchronous:33932(8439), ios:47199(4812), pseudo-element:18827(1759), loops:23585(2729), spring:86819(9355)"
2493817,Ava Davis,https://stackoverflow.com/users/2493817/ava-davis,210659,200,94,0.47,13312,66.56,"tidyverse:9616(1626), textview:7610(1077), numpy:19681(1814), reactjs:29052(3987), kubernetes:21956(3354), foreach:25927(3330)"
6396797,Nina Kovacs,https://stackoverflow.com/users/6396797/nina-kovacs,553737,200,70,0.35,26445,132.225,"shell:50349(10483), android-studio:33784(3139), database:195170(30000), sorting:65330(5789), visual-studio-2010:68208(16544)"
2419326,Hannah Khan,https://stackoverflow.com/users/2419326/hannah-khan,758379,200,143,0.715,8520,42.6,"rust:155825(14409), html:98057(9063), local-storage:92328(8490), pandas-groupby:257448(30000)"
5313492,Irenepixel500,https://stackoverflow.com/users/5313492/irenepixel500,703729,200,70,0.35,14224,71.12,"asynchronous:39989(5352), git-restore:102660(21443), java:60881(6712), git-rebase:69122(6294)"
7444490,Sana Kim,https://stackoverflow.com/users/7444490/sana-kim,186517,200,94,0.47,6399,31.995,"append:63910(8583), linq:34643(5818), asp.net-mvc:35282(4835), join:48613(5141)"
3021653,Vihaan Scott,https://stackoverflow.com/users/3021653/vihaan-scott,277556,200,118,0.59,29548,147.74,"git-rm:26185(2805), slice:19700(1760), vim:17414(2255), dictionary:10017(1589), git-remote:111934(13368), reflection:16814(3662), go:28543(2468)"
5019775,Emmaquant257,https://stackoverflow.com/users/5019775/emmaquant257,448712,200,100,0.5,3559,17.795,"jsf:38532(4481), gcc:54708(4581), oop:74219(11666), serialization:76238(6447), commit:32064(3460), git-restore:41153(6642), objective-c:53899(6320)"
823625,Zoebyte853,https://stackoverflow.com/users/823625/zoebyte853,727484,200,111,0.555,42387,211.935,"git-rebase:56285(5762), winforms:171409(18483), mod-rewrite:87727(8193), git-fetch:101552(11251), foreach:97259(8662), gitignore:132123(14407)"
5183833,Anayalogic374,https://stackoverflow.com/users/5183833/anayalogic374,244338,200,70,0.35,6724,33.62,"broadcastreceiver:50350(4892), join:20744(1883), linq:57409(8287), pseudo-element:30556(3812), filter:32891(5321)"
2761397,Yara Wright,https://stackoverflow.com/users/2761397/yara-wright,304505,200,138,0.69,1674,8.37,"local-storage:32494(3317), css:48049(4058), regex:23150(1972), aws:27510(2635), dictionary:63471(9163), git-pull:26409(2557)"
234316,Mira Clark,https://stackoverflow.com/users/234316/mira-clark,152655,200,118,0.59,7957,39.785,"html:83992(9377), vim:24754(2144), objective-c:6130(925), node.js:27707(3119), commit:22162(2413), git-remote:38227(4208)"
7789916,Sanacipher419,https://stackoverflow.com/users/7789916/sanacipher419,142705,200,104,0.52,3543,17.715,"datetime:14293(2899), append:8783(1494), android-studio:4578(551), jsf:8419(1184)"
6225340,Zoequant969,https://stackoverflow.com/users/6225340/zoequant969,643761,200,160,0.8,16225,81.125,"visual-studio:113910(16356), dplyr:133943(17747), pseudo-element:270122(23277), c#:350000(30000), servlets:240454(30000), postgresql:92591(9761), iteration:247767(29652)"
6018348,Arjun Verma,https://stackoverflow.com/users/6018348/arjun-verma,967885,200,101,0.505,3645,18.225,"reactjs:135427(30000), broadcastreceiver:45813(6870), git-branch:60949(5117), wcf:66637(6472)"
3443578,Mina Young,https://stackoverflow.com/users/3443578/mina-young,331599,200,160,0.8,4480,22.4,"visual-studio:16612(1894), git-checkout:39254(6312), git-remote:24742(2084), linux:34220(2875), django:15620(1877)"
2928375,Nico Sharma,https://stackoverflow.com/users/2928375/nico-sharma,742916,200,89,0.445,1058,5.29,"ajax:179160(29260), mongodb:350000(30000), git-restore:186243(25278), visual-studio:350000(30000), kubernetes:183272(30000)"
7521610,Sophialogic112,https://stackoverflow.com/users/7521610/sophialogic112,459050,200,83,0.415,4453,22.265,"sorting:140833(17982), git-fetch:215362(29857), append:52549(5538), sql-server-2008:42789(5401), jsf:49272(4369), rebase:262518(30000), android-intent:88380(19021)"
2489428,Arjun Scott,https://stackoverflow.com/users/2489428/arjun-scott,215744,200,141,0.705,620,3.1,"objective-c:97538(20348), wcf:14981(1558), string:23477(2169), join:53016(5758), reactjs:70034(6898), spring:72401(7413)"
3608288,Irene Iyer,https://stackoverflow.com/users/3608288/irene-iyer,458968,200,100,0.5,1436,7.18,"local-storage:140387(23246), reactjs:125691(10808), perl:97018(10218), pseudo-element:108462(13915), c:48846(10327), jsp:41615(8886), python-3.x:67854(9101)"
6252776,Ethancode601,https://stackoverflow.com/users/6252776/ethancode601,1109274,200,125,0.625,14974,74.87,"data.table:98147(14405), primefaces:82818(9603), mod-rewrite:165077(28951), python-2.7:192821(20836), asp.net:114620(19782), java:263776(30000)"
9333386,Mina Bose,https://stackoverflow.com/users/9333386/mina-bose,340721,200,137,0.685,15359,76.795,"python-3.x:12138(1141), typescript:21438(3491), timezone:15662(2877), android-fragments:7857(816), winforms:22914(3540)"
5702111,Ishaan Sato,https://stackoverflow.com/users/5702111/ishaan-sato,1131632,200,143,0.715,10712,53.56,"undo:256496(30000), perl:350000(30000), asynchronous:350000(30000), dictionary:149254(28379), android-intent:350000(30000)"
5443041,Milalogic87,https://stackoverflow.com/users/5443041/milalogic87,50000,200,103,0.515,2662,13.31,"dplyr:16602(1786), eclipse:11315(1434), arrays:6966(924), azure:4487(725)"
8596544,Emma Singh,https://stackoverflow.com/users/8596544/emma-singh,648304,200,121,0.605,6674,33.37,"visual-studio-2010:66968(7614), service:160902(30000), stdout:259381(30000), jsf-2:211345(30000), append:62442(12248), git-fetch:42767(7075)"
5505779,Ava Weber,https://stackoverflow.com/users/5505779/ava-weber,373612,200,121,0.605,6975,34.875,"filter:31272(2992), dataframe:9945(2173), objective-c:34887(3202), swift:26302(6062), git-rebase:21727(5235), sorting:11038(970), typescript:39110(3589)"
7202995,Jasper Rossi,https://stackoverflow.com/users/7202995/jasper-rossi,279689,200,70,0.35,2198,10.99,"javascript:15647(1377), css:10675(2268), php:3844(357), android-activity:21187(3562), linq:62381(7161), fastapi:58362(7124), rebase:16373(2284)"
5206343,Aditiops798,https://stackoverflow.com/users/5206343/aditiops798,374935,200,121,0.605,31479,157.395,"aws:18832(2771), sql:35808(3646), css:14848(1407), string:32394(3079), forms:42800(7266)"
2457726,Ishaan Scott,https://stackoverflow.com/users/2457726/ishaan-scott,78827,200,135,0.675,16832,84.16,"aws:13579(1788), flask:6124(537), shell:5755(675), reflection:3840(422), undo:3960(440)"
5304730,Vihaan Wright,https://stackoverflow.com/users/5304730/vihaan-wright,296836,200,135,0.675,5612,28.06,"jsf:38530(5059), ios:55023(12350), visual-studio-2010:76362(7167), asp.net-mvc:27260(5908), mod-rewrite:108089(9903), spring:37512(3459), awk:43576(4885)"
8507986,Mila Young,https://stackoverflow.com/users/8507986/mila-young,457496,200,129,0.645,7191,35.955,"razor:28478(3554), url:10411(892), foreach:75786(9966), kubernetes:69379(6615)"
5762729,Vihaanstack662,https://stackoverflow.com/users/5762729/vihaanstack662,1060349,200,127,0.635,8622,43.11,"apache:86807(12560), github:106984(9431), pytorch:140058(19728), stdout:40244(3947), sql-server-2008:74818(7933)"
879347,Hannahops68,https://stackoverflow.com/users/879347/hannahops68,237278,200,136,0.68,909,4.545,"c:28350(4252), timezone:8293(957), oop:20993(4091), jakarta-ee:7799(1147), gitignore:23287(1983), windows:17230(1797)"
6576763,Jasper Mehta,https://stackoverflow.com/users/6576763/jasper-mehta,190864,200,105,0.525,5467,27.335,"typescript:6734(911), numpy:35702(5178), linux:11423(1655), database:10916(2005), stdout:20019(3503), broadcastreceiver:35359(3053)"
8159072,Riya Khan,https://stackoverflow.com/users/8159072/riya-khan,240234,200,156,0.78,3539,17.695,"join:10029(906), c#:19144(4450), spring:23862(3564), tensorflow:27962(2760)"
2199438,Riya Gupta,https://stackoverflow.com/users/2199438/riya-gupta,695398,200,138,0.69,2571,12.855,"el:69541(11786), pytorch:50191(6644), append:38073(6063), primefaces:65874(6595), multithreading:32877(4330)"
8960020,Omar Kovacs,https://stackoverflow.com/users/8960020/omar-kovacs,447867,200,110,0.55,5285,26.425,"forms:8589(1168), mysql:64413(12161), url:85263(15232), pytorch:12008(1358), reflection:27046(2462), jakarta-ee:71871(16269), objective-c:170354(21715)"
6228705,Mira Schmidt,https://stackoverflow.com/users/6228705/mira-schmidt,235242,200,109,0.545,42250,211.25,"jakarta-ee:28383(3501), bash:18111(1700), ecmascript-6:25118(5306), inheritance:63960(5668)"
7569471,Felixcode425,https://stackoverflow.com/users/7569471/felixcode425,514340,200,115,0.575,13287,66.435,"pandas-groupby:45726(9827), sorting:41710(7195), node.js:50431(7700), git-restore:38025(7933)"
5626038,Riyacode294,https://stackoverflow.com/users/5626038/riyacode294,376433,200,128,0.64,3954,19.77,"datetime:72511(13954), rust:178564(15497), random:81776(9218), .net:57900(7839), azure:56545(5538), android:26369(4468), go:114434(23002)"
4001151,Omar Scott,https://stackoverflow.com/users/4001151/omar-scott,723729,200,141,0.705,12410,62.05,"asp.net-mvc-4:69763(7156), copy:65596(10362), slice:350000(30000), wcf:87449(12817), t-sql:46559(5435), android:56599(10293), sql-server:145602(15579)"
8783413,Vihaanstack558,https://stackoverflow.com/users/8783413/vihaanstack558,206726,200,156,0.78,28368,141.84,"oracle-database:36609(8864), rust:14430(1399), append:59375(8785), node.js:22907(2322)"
1739991,Zoepixel341,https://stackoverflow.com/users/1739991/zoepixel341,273742,200,107,0.535,17647,88.235,"append:64969(6855), mod-rewrite:40365(3407), textview:16143(2062), local-storage:45537(8342), filter:21991(4329)"
7679389,Kabir Patel,https://stackoverflow.com/users/7679389/kabir-patel,260826,200,102,0.51,7430,37.15,"apache:29259(3506), jsp:23461(3892), json:10556(1052), sql-server:11922(2156), pandas-groupby:32541(4746)"
802818,Liamai128,https://stackoverflow.com/users/802818/liamai128,116781,200,101,0.505,3666,18.33,"python-requests:10667(1336), perl:10235(898), pytorch:7352(901), oop:16814(1615), local-storage:44952(4579), for-loop:6872(1483)"
3028357,Liam Singh,https://stackoverflow.com/users/3028357/liam-singh,437039,200,99,0.495,14071,70.355,"linq:43340(5849), join:99671(10471), jsf-2:40721(5977), random:56034(12914)"
5915763,Emmaai655,https://stackoverflow.com/users/5915763/emmaai655,425696,200,129,0.645,10375,51.875,"aws:17841(1890), php:43639(3754), multithreading:30165(5866), sql-server:60972(6881)"
7352120,Vihaan Iyer,https://stackoverflow.com/users/7352120/vihaan-iyer,351345,200,108,0.54,17135,85.675,"multidimensional-array:64255(5543), oop:149033(21363), unix:44621(4415), android-layout:38317(4459), windows:35412(4299), dplyr:25496(3548)"
4676438,Mira Sharma,https://stackoverflow.com/users/4676438/mira-sharma,293534,200,107,0.535,13211,66.055,"slice:58558(9627), sql-server-2005:40032(5288), oracle-database:52879(4417), typescript:105372(16766), css-selectors:26128(2305)"
8241771,Riya Sato,https://stackoverflow.com/users/8241771/riya-sato,121074,200,110,0.55,19995,99.975,"razor:18851(1605), filter:20966(1762), r:8862(948), branch:2663(275)"
9228220,Irene Das,https://stackoverflow.com/users/9228220/irene-das,255303,200,104,0.52,4099,20.495,"filter:11961(1157), multidimensional-array:37508(6363), sql:16990(2136), git-pull:9457(1373), data.table:12724(1483)"
7842568,Ethandata627,https://stackoverflow.com/users/7842568/ethandata627,270669,200,96,0.48,26136,130.68,"asp.net-mvc-4:48151(4742), json:40367(3812), pandas-groupby:25194(5488), sequence:23333(1980)"
1245082,Nina Lewis,https://stackoverflow.com/users/1245082/nina-lewis,191756,200,153,0.765,8529,42.645,"database:16778(1532), tidyverse:12203(1145), visual-studio:55947(6869), flatten:17492(2719), dataframe:44056(8319), python-internals:52877(4606)"
3783563,Sophia Kim,https://stackoverflow.com/users/3783563/sophia-kim,310123,200,101,0.505,55766,278.83,"azure:53759(6029), gitignore:22795(4801), gcc:37629(4122), tidyverse:29108(3332), ios:17172(1986), database:35879(6681)"
5665116,Milacode846,https://stackoverflow.com/users/5665116/milacode846,473888,200,127,0.635,3514,17.57,"azure:21600(2131), append:89368(12187), vb.net:33161(3639), html:49444(6192)"
9154071,Sana Wright,https://stackoverflow.com/users/9154071/sana-wright,1440251,200,110,0.55,39721,198.605,"php:348600(30000), jquery:251793(30000), reactjs:350000(30000), awk:221187(30000), asp.net-mvc-3:350000(30000)"
5358040,Nicoops999,https://stackoverflow.com/users/5358040/nicoops999,398962,200,124,0.62,8532,42.66,"dataframe:20692(3370), mysql:50058(8366), sql-server:148520(30000), typescript:25461(4027), commit:30898(4368), kotlin:63162(7078), git-rm:51682(8633)"
2680115,Felixlogic739,https://stackoverflow.com/users/2680115/felixlogic739,424578,200,154,0.77,3649,18.245,"foreach:58425(12377), eclipse:63490(8884), slice:69283(9047), sql-server:92129(15547), regex:60537(6984), jsf-2:40961(9332)"
4721176,Irene Novak,https://stackoverflow.com/users/4721176/irene-novak,330993,200,103,0.515,4315,21.575,"java:42244(4178), t-sql:88221(12734), active-directory:26058(3616), commit:15724(1836), python-internals:54826(9865), date:26250(3115), html:7662(1669)"
8460803,Ethan Bose,https://stackoverflow.com/users/8460803/ethan-bose,83001,200,92,0.46,5081,25.405,"database:11005(1639), c:4800(416), pandas:6269(624), node.js:8077(1444)"
8542458,Anaya Patel,https://stackoverflow.com/users/8542458/anaya-patel,343109,200,115,0.575,10698,53.49,"datetime:45339(5123), list:61901(7619), sed:31142(4701), sql-server-2005:55021(6178)"
2727131,Leo Weber,https://stackoverflow.com/users/2727131/leo-weber,366173,200,88,0.44,11808,59.04,"visual-studio-2010:27237(4256), local-storage:49580(4710), spring:46041(6627), sql:18156(1933), swift:61062(5157), servlets:23074(2661)"
447865,Arjun Rossi,https://stackoverflow.com/users/447865/arjun-rossi,1600000,200,95,0.475,3944,19.72,"asp.net:246319(27497), vim:189079(17622), sequence:350000(30000), fastapi:132649(14043), stdout:123002(28924)"
1844540,Mason Miller,https://stackoverflow.com/users/1844540/mason-miller,302979,200,160,0.8,6832,34.16,"docker:26109(3203), primefaces:22022(2594), generics:42688(3561), sorting:10015(1279), xml:14037(2001), rust:13919(1194), asp.net-mvc-3:46719(6085)"
8945187,Noah Bianchi,https://stackoverflow.com/users/8945187/noah-bianchi,438822,200,134,0.67,59631,298.155,"xml:186070(16135), serialization:62620(5280), forms:60247(5924), github:69531(7213), iteration:133871(14059), timezone:38219(4830)"
8050565,Felix Garcia,https://stackoverflow.com/users/8050565/felix-garcia,341006,200,97,0.485,39388,196.94,"java:30687(2637), data.table:47748(4574), url:35927(5681), textview:29802(4729), objective-c:48495(4992), pandas-groupby:5253(775)"
7422639,Zoebyte220,https://stackoverflow.com/users/7422639/zoebyte220,145682,200,143,0.715,10829,54.145,"t-sql:21061(2422), inheritance:9471(1594), typescript:4675(499), datetime:19056(2310), commit:31973(3512)"
881454,Liam Schmidt,https://stackoverflow.com/users/881454/liam-schmidt,824725,200,98,0.49,7271,36.355,"c#:86997(15547), datetime:167347(14289), .net:248567(30000), tidyr:207949(22684), eclipse:252730(22437), postgresql:147469(30000), sed:98850(11503)"
8979165,Niconinja39,https://stackoverflow.com/users/8979165/niconinja39,615160,200,130,0.65,7893,39.465,"pseudo-element:44933(4496), flask:101365(9233), android-studio:70839(11216), pandas-groupby:350000(30000), shell:105724(16552)"
1801006,Liamai466,https://stackoverflow.com/users/1801006/liamai466,633466,200,115,0.575,12928,64.64,"date:137792(17961), spring:178166(29409), regex:131366(23930), inheritance:350000(30000), forms:88079(8529), copy:143824(16836), linux:81969(8149)"
2945116,Hannahninja416,https://stackoverflow.com/users/2945116/hannahninja416,176954,200,137,0.685,2517,12.585,"sql-server:9180(799), linq:14042(3463), branch:19824(2804), perl:15667(2068), c:13379(2180), for-loop:8717(1313), datetime:19284(2226)"
192659,Noah Schmidt,https://stackoverflow.com/users/192659/noah-schmidt,1002276,200,131,0.655,5412,27.06,"asp.net-mvc-3:51664(6441), css-selectors:201065(18015), regex:133895(13906), jsf-2:53147(8191), eclipse:105855(21431)"
4950709,Aditi Iyer,https://stackoverflow.com/users/4950709/aditi-iyer,122308,200,116,0.58,1320,6.6,"sequence:9747(1161), dplyr:18537(2386), reactjs:34212(4121), winforms:4968(533), node.js:16400(2853)"
4152580,Leowizard807,https://stackoverflow.com/users/4152580/leowizard807,543525,200,101,0.505,10435,52.175,"stdout:125400(14729), random:206520(30000), string:156884(18718), multidimensional-array:87918(10929)"
9004463,Liam Sato,https://stackoverflow.com/users/9004463/liam-sato,1600000,200,93,0.465,13371,66.855,"css:103998(13634), generics:78116(9636), vim:240187(30000), servlets:127561(28588), broadcastreceiver:350000(30000), sql:121439(11615), random:82332(8413)"
6643717,Aarav Weber,https://stackoverflow.com/users/6643717/aarav-weber,166506,200,125,0.625,4318,21.59,"version-control:5886(706), awk:4948(1103), append:5643(505), python-2.7:17136(1441), matplotlib:19810(2547)"
4817382,Mina Khan,https://stackoverflow.com/users/4817382/mina-khan,228883,200,136,0.68,33781,168.905,"node.js:8174(1205), objective-c:36115(6653), random:15797(1903), numpy:23052(2800), azure:55536(5653), tensorflow:36154(6253), date:17967(4460)"
382235,Masoncipher737,https://stackoverflow.com/users/382235/masoncipher737,377161,200,149,0.745,2055,10.275,"swift:35028(3046), objective-c:16441(1677), git-rebase:38837(7921), github:52677(5028), rebase:33067(4496), matplotlib:55263(5456), dplyr:62613(5656)"
263292,Vihaan Singh,https://stackoverflow.com/users/263292/vihaan-singh,239925,200,124,0.62,1619,8.095,"random:17636(2443), winapi:13665(2326), arrays:22333(3892), git-submodules:26312(2411)"
947773,Sana Iyer,https://stackoverflow.com/users/947773/sana-iyer,109392,200,128,0.64,8761,43.805,"vb.net:3834(469), winapi:17200(2353), kubernetes:6953(1121), git-restore:7460(882), jsf:11282(1291), dictionary:8484(858)"
2939047,Emmastack508,https://stackoverflow.com/users/2939047/emmastack508,368469,200,88,0.44,19946,99.73,"matplotlib:57483(7911), objective-c:38547(6023), stdout:22469(4106), kotlin:40306(4854)"
4043575,Sanawizard725,https://stackoverflow.com/users/4043575/sanawizard725,157781,200,160,0.8,37707,188.535,"reflection:8199(1616), asp.net-mvc:17383(2925), typescript:15965(2837), primefaces:14375(1566), pseudo-element:15078(1325)"
6226447,Zoe Novak,https://stackoverflow.com/users/6226447/zoe-novak,499260,200,110,0.55,4424,22.12,"asp.net:11971(2174), indexing:26639(2639), numpy:39148(3996), windows:40754(4811), apache:19986(2550)"
5587014,Felix Sharma,https://stackoverflow.com/users/5587014/felix-sharma,175627,200,110,0.55,20586,102.93,"foreach:32792(4571), css-selectors:9125(1542), sequence:27452(4176), git-submodules:19828(3165), windows:10412(1346)"
6028175,Noah Lewis,https://stackoverflow.com/users/6028175/noah-lewis,1119216,200,149,0.745,6736,33.68,"regex:350000(30000), c#:68639(11895), rust:243847(30000), kotlin:256057(30000), generics:93942(8184), mysql:323930(30000), jsp:120907(16470)"
2557839,Aditi Wilson,https://stackoverflow.com/users/2557839/aditi-wilson,194512,200,101,0.505,5890,29.45,"slice:15843(1734), tidyr:15576(1965), local-storage:12292(2299), go:21672(2091), servlets:21448(4005)"
9170325,Felix Kim,https://stackoverflow.com/users/9170325/felix-kim,274894,200,122,0.61,16938,84.69,"stdout:7909(1083), android-layout:49394(4598), aws:8329(1423), arrays:41962(4345)"
154168,Mason Davis,https://stackoverflow.com/users/154168/mason-davis,644240,200,92,0.46,13440,67.2,"serialization:134937(18508), service:35666(8627), android:53640(5486), .net:35352(4266)"
4810635,Yara Schmidt,https://stackoverflow.com/users/4810635/yara-schmidt,139043,200,133,0.665,1447,7.235,"flask:11709(1945), commit:11073(1619), c:21266(2052), stdout:29239(6312), docker:30776(2636), git-rm:9507(1239), forms:11749(1976)"
3790055,Yara Sato,https://stackoverflow.com/users/3790055/yara-sato,415104,200,146,0.73,30644,153.22,"android-layout:20087(2572), broadcastreceiver:34009(3739), php:98401(10225), objective-c:145401(30000)"
7280595,Liamlogic879,https://stackoverflow.com/users/7280595/liamlogic879,932893,200,91,0.455,27827,139.135,"string:32197(3375), apache:47324(5545), git-rebase:66464(10774), git-branch:79886(7011)"
4704678,Milacipher34,https://stackoverflow.com/users/4704678/milacipher34,104828,200,80,0.4,3745,18.725,"jsp:5362(552), android:11241(1564), git:6559(1421), visual-studio:8640(1630), dictionary:12096(2041)"
6529764,Ethanops394,https://stackoverflow.com/users/6529764/ethanops394,401982,200,70,0.35,10399,51.995,"azure:48942(4570), sorting:37523(5579), matplotlib:45650(4496), asp.net:46236(3972), c#:39047(5443)"
5476491,Arjun Kovacs,https://stackoverflow.com/users/5476491/arjun-kovacs,425321,200,102,0.51,11472,57.36,"servlets:32640(3515), git-rebase:99484(21232), mongodb:53376(5964), tidyverse:31929(3074), numpy:57915(5967), python-internals:31203(6701), for-loop:77068(14725)"
2589136,Liamops110,https://stackoverflow.com/users/2589136/liamops110,629106,200,117,0.585,9085,45.425,".net:64708(13430), jsf-2:48604(10344), r:67811(9104), multidimensional-array:20197(2388)"
8598130,Sana Taylor,https://stackoverflow.com/users/8598130/sana-taylor,138410,200,154,0.77,4037,20.185,"bash:13983(2273), typescript:13431(2184), git-submodules:29956(5797), url:77748(14565), sql-server-2008:104872(16893), fastapi:40318(6301), objective-c:37131(3618)"
6059470,Aditi Weber,https://stackoverflow.com/users/6059470/aditi-weber,130007,200,124,0.62,3576,17.88,"wcf:3066(460), gcc:6525(728), rebase:5633(539), commit:6226(938), date:8169(1223), jsf:6807(646), .net:2755(253)"
2284589,Leo Schmidt,https://stackoverflow.com/users/2284589/leo-schmidt,517697,200,125,0.625,6823,34.115,"sequence:124801(13054), jsp:41860(5279), flask:91976(10686), pandas-groupby:276560(30000), kotlin:45894(6548)"
6593157,Felix King,https://stackoverflow.com/users/6593157/felix-king,437323,200,140,0.7,22616,113.08,"visual-studio-2010:6637(862), textview:25516(2639), flatten:58644(7811), tidyr:98093(15494), android-fragments:14486(1518)"
6865056,Riyacipher311,https://stackoverflow.com/users/6865056/riyacipher311,422337,200,125,0.625,12055,60.275,"gitignore:67824(7721), dplyr:38080(4398), python-2.7:47244(5709), numpy:246042(21605), awk:20432(1864)"
7018721,Omar Davis,https://stackoverflow.com/users/7018721/omar-davis,453851,200,105,0.525,4832,24.16,"commit:49096(11275), github:55821(4703), mod-rewrite:80883(8586), el:44716(6213)"
5564069,Emmadev11,https://stackoverflow.com/users/5564069/emmadev11,210170,200,113,0.565,15144,75.72,"group-by:26076(2744), git-fetch:17136(2970), sql:25474(3642), sql-server-2005:17642(2289)"
8397222,Aarav Wright,https://stackoverflow.com/users/8397222/aarav-wright,416599,200,139,0.695,406,2.03,"join:46616(4736), pseudo-element:25719(3789), bash:40256(5968), css:31546(3070)"
8743656,Ava Singh,https://stackoverflow.com/users/8743656/ava-singh,436042,200,137,0.685,22080,110.4,"razor:64967(7074), kotlin:32054(3403), asynchronous:11409(2146), jquery:70486(5937), append:19198(3225), css:22331(4138), android-activity:23123(4378)"
9393506,Mason Iyer,https://stackoverflow.com/users/9393506/mason-iyer,204828,200,83,0.415,1229,6.145,"for-loop:57294(14197), python-internals:6973(1219), pandas-groupby:165041(26505), android-intent:47331(4914), gcc:28716(2769), razor:24303(2819), visual-studio-2010:29810(2867)"
9008302,Liam Verma,https://stackoverflow.com/users/9008302/liam-verma,1418371,200,122,0.61,4872,24.36,"css:187603(21573), html:202105(29794), servlets:191525(17792), string:144807(16199), jsp:121906(11599), wcf:125322(12989), oracle-database:122084(19136)"
1422702,Liamdev245,https://stackoverflow.com/users/1422702/liamdev245,499350,200,107,0.535,2285,11.425,"css:122947(24093), flatten:88910(12576), node.js:10668(1944), dictionary:92299(10160), sql:69988(7330), oracle-database:61575(6720)"
2907197,Ava Das,https://stackoverflow.com/users/2907197/ava-das,143231,200,146,0.73,1918,9.59,"for-loop:7866(998), jsp:19494(3505), razor:17534(2479), asp.net:6245(735), mongodb:12678(1374)"
6864935,Emmaquant861,https://stackoverflow.com/users/6864935/emmaquant861,572692,200,87,0.435,22348,111.74,"servlets:94238(16251), el:73777(11693), bash:115908(11312), undo:283231(30000), android-intent:299077(29377), git-fetch:229678(28844), javascript:260834(30000)"
1916869,Ethan Novak,https://stackoverflow.com/users/1916869/ethan-novak,168498,200,139,0.695,4385,21.925,"tensorflow:54307(5103), apache:27114(2708), pytorch:51629(8090), textview:64405(5369), git-checkout:62647(8245), python-2.7:81312(11977)"
1460132,Mira Fischer,https://stackoverflow.com/users/1460132/mira-fischer,631594,200,155,0.775,9899,49.495,"git:193529(30000), visual-studio:156228(27636), matrix:240456(30000), xml:124528(27828), python-3.x:74539(10951)"
4716624,Ishaan Miller,https://stackoverflow.com/users/4716624/ishaan-miller,834539,200,106,0.53,6679,33.395,"javascript:51998(5055), url:36675(3231), indexing:38242(3202), sql-server:52580(4807), c:35644(7107), date:47668(4361)"
4189689,Liam Novak,https://stackoverflow.com/users/4189689/liam-novak,189128,200,113,0.565,11279,56.395,"pandas:5764(823), servlets:20405(4431), dictionary:17966(1734), vb.net:10996(1083), indexing:26665(3691)"
4668652,Ireneops466,https://stackoverflow.com/users/4668652/ireneops466,720875,200,122,0.61,7559,37.795,"linq:100828(14039), version-control:21896(1864), .htaccess:36351(3429), broadcastreceiver:36212(4550), rebase:32685(4965), mongodb:94496(15074), asp.net-mvc-4:51140(6103)"
2191807,Nina Fischer,https://stackoverflow.com/users/2191807/nina-fischer,477001,200,121,0.605,1940,9.7,"append:90628(8344), c#:31917(4238), rebase:155512(30000), android:50497(4329)"
3395136,Felixdata904,https://stackoverflow.com/users/3395136/felixdata904,648381,200,81,0.405,18957,94.785,"eclipse:90070(8020), ios:102622(19274), broadcastreceiver:196571(27412), multidimensional-array:39620(6148), gitignore:14195(1479), bash:97022(16519)"
1530868,Aaravml489,https://stackoverflow.com/users/1530868/aaravml489,1451754,200,105,0.525,4272,21.36,"dataframe:350000(30000), visual-studio-2010:273573(28602), git-pull:147525(14000), sql-server-2005:96855(8135)"
7086052,Avadev235,https://stackoverflow.com/users/7086052/avadev235,291166,200,141,0.705,1476,7.38,"branch:38476(3837), c++:13218(2609), jsp:31550(2641), mysql:32106(6242), jquery:44786(5432), datetime:124159(30000), objective-c:30000(3260)"
7384443,Kabir Rossi,https://stackoverflow.com/users/7384443/kabir-rossi,198866,200,117,0.585,4562,22.81,"primefaces:31309(6280), r:41843(4252), git-checkout:14699(2157), branch:28007(3766), c#:33238(3218)"
4157965,Minaquant28,https://stackoverflow.com/users/4157965/minaquant28,179612,200,151,0.755,31396,156.98,"generics:20033(4515), sql-server-2005:30062(2688), winforms:16750(1439), sql:53757(6754), foreach:27439(5597), pandas:27283(3411)"
1192183,Aarav Davis,https://stackoverflow.com/users/1192183/aarav-davis,189820,200,135,0.675,16381,81.905,"dataframe:13926(1378), oracle-database:18609(1599), unix:27816(2737), python:10077(2437), multithreading:11423(2515), textview:14130(2317)"
668983,Omarcloud519,https://stackoverflow.com/users/668983/omarcloud519,330335,200,106,0.53,4939,24.695,"sorting:15585(2984), pseudo-element:21377(4578), python-2.7:26262(5669), perl:59058(5195), bash:40912(3468), t-sql:39253(7486)"
5482760,Hannah Fischer,https://stackoverflow.com/users/5482760/hannah-fischer,452052,200,101,0.505,4936,24.68,"json:126935(11137), python-requests:70155(14236), git-rm:96295(10821), asp.net-mvc:71607(16126)"
2947649,Jasper Khan,https://stackoverflow.com/users/2947649/jasper-khan,430717,200,85,0.425,5075,25.375,"ecmascript-6:54857(5184), slice:32978(5429), matplotlib:10829(1552), sql-server-2008:43161(4316)"
4509919,Mirapixel922,https://stackoverflow.com/users/4509919/mirapixel922,650877,200,86,0.43,55849,279.245,"list:350000(30000), python-3.x:301240(30000), inheritance:308406(30000), stdout:350000(30000)"
6042676,Nico King,https://stackoverflow.com/users/6042676/nico-king,353430,200,117,0.585,10256,51.28,"mysql:33611(6827), eclipse:35875(3614), go:22000(5471), c++:26364(2425), url:46114(11251)"
772242,Olivia Garcia,https://stackoverflow.com/users/772242/olivia-garcia,1041153,200,117,0.585,10761,53.805,"flask:312456(30000), android-studio:139556(14295), tidyverse:115818(18770), python:151783(30000), git-pull:217643(30000)"
8423649,Anayadata229,https://stackoverflow.com/users/8423649/anayadata229,286988,200,113,0.565,19613,98.065,"perl:9824(1514), asynchronous:5891(1255), regex:16792(2193), jakarta-ee:11232(1615)"
4892953,Sana Weber,https://stackoverflow.com/users/4892953/sana-weber,1600000,200,136,0.68,8888,44.44,"reflection:100048(11949), mysql:124197(11979), visual-studio-2010:103398(19866), shell:324414(28310), gcc:165106(30000)"
9086420,Liamcode778,https://stackoverflow.com/users/9086420/liamcode778,559578,200,92,0.46,5403,27.015,"jsf-2:46105(3913), c++:55923(10882), generics:19440(3116), string:71817(16505), git-restore:36789(6286), python:57566(5347), servlets:20237(2770)"
6250178,Zoe Mehta,https://stackoverflow.com/users/6250178/zoe-mehta,184024,200,112,0.56,5752,28.76,"spring:7170(1593), date:29754(3199), pandas:22830(4524), aws:10601(1673)"
5285772,Oliviaquant852,https://stackoverflow.com/users/5285772/oliviaquant852,156767,200,118,0.59,6516,32.58,"kotlin:20078(1975), razor:66468(13643), inheritance:16573(3420), git-remote:90655(11933), aws:19709(3026), gcp:49625(9993)"
6011865,Kabirbyte316,https://stackoverflow.com/users/6011865/kabirbyte316,502596,200,87,0.435,6744,33.72,"html:73948(6813), css-selectors:129341(24937), broadcastreceiver:64979(6706), eclipse:81684(6953), jsf:92304(12873), windows:49364(11240), apache:140476(21981)"
2917816,Olivia Sato,https://stackoverflow.com/users/2917816/olivia-sato,295993,200,147,0.735,14491,72.455,"timezone:48804(10861), tidyr:57893(5649), github:36567(6328), c:14272(2555), reflection:59212(8218), c++:282400(29756), datetime:106327(9245)"
1410747,Arjun Garcia,https://stackoverflow.com/users/1410747/arjun-garcia,597906,200,98,0.49,7373,36.865,"android-activity:46495(9817), asp.net-mvc-4:40172(3727), gcc:47674(4552), r:65312(13114)"
7735011,Zoe Wilson,https://stackoverflow.com/users/7735011/zoe-wilson,499127,200,110,0.55,14564,72.82,"android-intent:39011(5154), objective-c:154614(29796), python-3.x:121701(13654), filter:121906(13642), mod-rewrite:103072(11230), git-branch:80167(10031), for-loop:118635(10724)"
8037605,Arjun Wilson,https://stackoverflow.com/users/8037605/arjun-wilson,331395,200,116,0.58,6457,32.285,"python:37697(3163), gcp:21371(2083), stdout:18733(2725), github:28095(3362), textview:66947(8498)"
9490850,Olivia Bose,https://stackoverflow.com/users/9490850/olivia-bose,185460,200,117,0.585,7573,37.865,"android-fragments:6413(626), kotlin:5591(1251), wcf:14889(1247), git-fetch:13906(1688), android-intent:14966(1476)"
3905900,Miraml673,https://stackoverflow.com/users/3905900/miraml673,112370,200,131,0.655,949,4.745,"indexing:9886(952), swift:7469(1092), asp.net-mvc:20877(1948), git-fetch:3268(303), vb.net:5194(960)"
5336027,Jasperops936,https://stackoverflow.com/users/5336027/jasperops936,250397,200,87,0.435,17501,87.505,"mod-rewrite:24120(4380), unix:9574(804), undo:23092(2089), dictionary:69539(8760)"
5185850,Anaya Mehta,https://stackoverflow.com/users/5185850/anaya-mehta,665296,200,106,0.53,9899,49.495,"git-remote:72303(18051), windows:82003(7229), git-fetch:33523(5973), android-activity:49329(9779)"
2978082,Nicowizard332,https://stackoverflow.com/users/2978082/nicowizard332,410963,200,157,0.785,18990,94.95,"android-activity:26692(2477), django:27629(2538), visual-studio:72132(6173), dictionary:46717(6684)"
6637792,Liam Das,https://stackoverflow.com/users/6637792/liam-das,137501,200,97,0.485,387,1.935,"date:6144(723), eclipse:13878(1248), python-requests:16140(1811), service:23724(3461), kotlin:30899(3313), filter:6510(619)"
6349031,Jasper Das,https://stackoverflow.com/users/6349031/jasper-das,398544,200,108,0.54,56502,282.51,"flask:72304(8198), .htaccess:55304(4864), url:102205(8705), pandas:155588(26978), unix:212682(24949)"
8325403,Vihaanwizard726,https://stackoverflow.com/users/8325403/vihaanwizard726,467277,200,121,0.605,6088,30.44,"random:61958(6017), active-directory:53523(5482), html:71028(16197), git:39289(5234), github:227182(30000), asynchronous:24715(4636)"
6946888,Olivia Davis,https://stackoverflow.com/users/6946888/olivia-davis,180375,200,127,0.635,21202,106.01,"c#:16005(3750), sequence:48242(11594), vb.net:14384(2362), git-pull:12782(2642), ecmascript-6:11560(1716), razor:12856(1157), awk:32648(6174)"
1259131,Irene Mehta,https://stackoverflow.com/users/1259131/irene-mehta,392771,200,113,0.565,2474,12.37,"wcf:7616(1448), serialization:72063(14981), android-intent:12220(2164), python-internals:24471(4433), el:22196(2317), winforms:40879(4181)"
9062601,Sana Das,https://stackoverflow.com/users/9062601/sana-das,365618,200,131,0.655,12919,64.595,"c:10716(2049), arrays:36889(5356), pandas:94180(12691), url:12338(1941), tidyr:31326(3369)"
8059373,Aarav Verma,https://stackoverflow.com/users/8059373/aarav-verma,148518,200,120,0.6,2441,12.205,"javascript:8038(1034), azure:15440(1383), sed:12097(1976), css:8138(890), jsf-2:16025(2256)"
